[
  {
    "keyword": "Feature",
    "name": "Point of sell",
    "line": 1,
    "id": "point-of-sell",
    "tags": [],
    "uri": "customer.feature",
    "elements": [
      {
        "id": "point-of-sell;login-user",
        "keyword": "Scenario",
        "line": 3,
        "name": "Login User",
        "tags": [],
        "type": "scenario",
        "steps": [
          {
            "arguments": [],
            "keyword": "Given ",
            "line": 4,
            "name": "I open modernpos website",
            "result": {
              "status": "passed",
              "duration": 1341000000
            }
          },
          {
            "arguments": [],
            "keyword": "Then ",
            "line": 5,
            "name": "user login website",
            "result": {
              "status": "passed",
              "duration": 2234000000
            }
          }
        ]
      },
      {
        "id": "point-of-sell;delete-customer",
        "keyword": "Scenario",
        "line": 22,
        "name": "Delete Customer",
        "tags": [],
        "type": "scenario",
        "steps": [
          {
            "arguments": [],
            "keyword": "Given ",
            "line": 23,
            "name": "I open modernpos website",
            "result": {
              "status": "passed",
              "duration": 428000000
            }
          },
          {
            "arguments": [],
            "keyword": "Then ",
            "line": 24,
            "name": "user login website",
            "result": {
              "status": "passed",
              "duration": 2595000000
            }
          },
          {
            "arguments": [],
            "keyword": "Then ",
            "line": 25,
            "name": "user click on customer menu",
            "result": {
              "status": "passed",
              "duration": 2685000000
            }
          },
          {
            "arguments": [],
            "keyword": "Then ",
            "line": 26,
            "name": "user Delete the customer",
            "result": {
              "status": "passed",
              "duration": 5677000000
            }
          }
        ]
      }
    ]
  }
]