[
  {
    "keyword": "Feature",
    "name": "Google map",
    "line": 1,
    "id": "google-map",
    "tags": [],
    "uri": "google.feature",
    "elements": [
      {
        "id": "google-map;open-google-map",
        "keyword": "Scenario",
        "line": 3,
        "name": "open google map",
        "tags": [],
        "type": "scenario",
        "steps": [
          {
            "arguments": [],
            "keyword": "Given ",
            "line": 4,
            "name": "I open google map",
            "result": {
              "status": "passed",
              "duration": 10742000000
            }
          },
          {
            "arguments": [],
            "keyword": "Then ",
            "line": 5,
            "name": "user zoom in",
            "result": {
              "status": "failed",
              "duration": 20138000000,
              "error_message": "AssertionError: Timed out retrying after 20000ms: Expected to find element: `#widget-zoom-in`, but never found it.\n    at Context.eval (https://www.google.com/__cypress/tests?p=cypress\\integration\\examples\\BDD\\google.feature:45:29)\n    at Context.resolveAndRunStepDefinition (https://www.google.com/__cypress/tests?p=cypress\\integration\\examples\\BDD\\google.feature:10432:9)\n    at Context.eval (https://www.google.com/__cypress/tests?p=cypress\\integration\\examples\\BDD\\google.feature:9773:35)"
            }
          },
          {
            "arguments": [],
            "keyword": "Then ",
            "line": 6,
            "name": "user zoom out",
            "result": {
              "status": "skipped"
            }
          }
        ]
      }
    ]
  }
]