[
  {
    "keyword": "Feature",
    "name": "Point of sell",
    "line": 1,
    "id": "point-of-sell",
    "tags": [],
    "uri": "login.feature",
    "elements": [
      {
        "id": "point-of-sell;login-user",
        "keyword": "Scenario",
        "line": 5,
        "name": "Login User",
        "tags": [],
        "type": "scenario",
        "steps": [
          {
            "arguments": [],
            "keyword": "Given ",
            "line": 3,
            "name": "I open modernpos website",
            "result": {
              "status": "passed",
              "duration": 4867000000
            }
          },
          {
            "arguments": [],
            "keyword": "Then ",
            "line": 6,
            "name": "user clicks input email",
            "result": {
              "status": "passed",
              "duration": 1400000000
            }
          },
          {
            "arguments": [],
            "keyword": "Then ",
            "line": 7,
            "name": "user clicks input password",
            "result": {
              "status": "passed",
              "duration": 817000000
            }
          },
          {
            "arguments": [],
            "keyword": "Then ",
            "line": 8,
            "name": "user click on signin button",
            "result": {
              "status": "passed",
              "duration": 2947000000
            }
          }
        ]
      }
    ]
  }
]