[
  {
    "keyword": "Feature",
    "name": "Create Project",
    "line": 1,
    "id": "create-project",
    "tags": [],
    "uri": "nbs.feature",
    "elements": [
      {
        "id": "create-project;login-user",
        "keyword": "Scenario",
        "line": 3,
        "name": "Login User",
        "tags": [],
        "type": "scenario",
        "steps": [
          {
            "arguments": [],
            "keyword": "Given ",
            "line": 4,
            "name": "I open nbs website",
            "result": {
              "status": "passed",
              "duration": 3056000000
            }
          },
          {
            "arguments": [],
            "keyword": "Then ",
            "line": 5,
            "name": "user click on sign in button",
            "result": {
              "status": "passed",
              "duration": 18959000000
            }
          },
          {
            "arguments": [],
            "keyword": "And ",
            "line": 6,
            "name": "user clicks input fields",
            "result": {
              "status": "passed",
              "duration": 3446000000
            }
          },
          {
            "arguments": [],
            "keyword": "Then ",
            "line": 7,
            "name": "user click on signin button",
            "result": {
              "status": "passed",
              "duration": 4382000000
            }
          },
          {
            "arguments": [],
            "keyword": "Then ",
            "line": 8,
            "name": "user create project",
            "result": {
              "status": "failed",
              "duration": 33271000000,
              "error_message": "AssertionError: Timed out retrying after 20000ms: expected '<button#project-details-form-save.mat-focus-indicator.mat-flat-button.mat-button-base.mat-primary.ng-tns-c233-14.ng-star-inserted.mat-button-disabled>' to be 'enabled'\n    at Context.eval (https://app-test.nimbus.thenbs.cloud/__cypress/tests?p=cypress\\integration\\examples\\BDD\\nbs.feature:98:56)\n    at Context.resolveAndRunStepDefinition (https://app-test.nimbus.thenbs.cloud/__cypress/tests?p=cypress\\integration\\examples\\BDD\\nbs.feature:10519:9)\n    at Context.eval (https://app-test.nimbus.thenbs.cloud/__cypress/tests?p=cypress\\integration\\examples\\BDD\\nbs.feature:9860:35)"
            }
          },
          {
            "arguments": [],
            "keyword": "Then ",
            "line": 9,
            "name": "user verify the project title and clicks on project title",
            "result": {
              "status": "skipped"
            }
          },
          {
            "arguments": [],
            "keyword": "Then ",
            "line": 10,
            "name": "user add specification",
            "result": {
              "status": "skipped"
            }
          }
        ]
      }
    ]
  }
]