[
  {
    "keyword": "Feature",
    "name": "Point of sell",
    "line": 1,
    "id": "point-of-sell",
    "tags": [],
    "uri": "pos2.feature",
    "elements": [
      {
        "id": "point-of-sell;login-user",
        "keyword": "Scenario",
        "line": 8,
        "name": "Login User",
        "tags": [],
        "type": "scenario",
        "steps": [
          {
            "arguments": [],
            "keyword": "Given ",
            "line": 9,
            "name": "I open modernpos website",
            "result": {
              "status": "undefined",
              "duration": 98000000
            }
          },
          {
            "arguments": [],
            "keyword": "Then ",
            "line": 10,
            "name": "user login website",
            "result": {
              "status": "skipped"
            }
          }
        ]
      },
      {
        "id": "point-of-sell;add-product",
        "keyword": "Scenario",
        "line": 12,
        "name": "Add Product",
        "tags": [],
        "type": "scenario",
        "steps": [
          {
            "arguments": [],
            "keyword": "Given ",
            "line": 13,
            "name": "I open modernpos website",
            "result": {
              "status": "undefined",
              "duration": 115000000
            }
          },
          {
            "arguments": [],
            "keyword": "Then ",
            "line": 14,
            "name": "user login website",
            "result": {
              "status": "skipped"
            }
          },
          {
            "arguments": [],
            "keyword": "Then ",
            "line": 15,
            "name": "user click on product menu",
            "result": {
              "status": "skipped"
            }
          },
          {
            "arguments": [],
            "keyword": "Then ",
            "line": 16,
            "name": "user click on add product",
            "result": {
              "status": "skipped"
            }
          }
        ]
      },
      {
        "id": "point-of-sell;view-product-list",
        "keyword": "Scenario",
        "line": 17,
        "name": "View Product List",
        "tags": [],
        "type": "scenario",
        "steps": [
          {
            "arguments": [],
            "keyword": "Given ",
            "line": 18,
            "name": "I open modernpos website",
            "result": {
              "status": "undefined",
              "duration": 119000000
            }
          },
          {
            "arguments": [],
            "keyword": "Then ",
            "line": 19,
            "name": "user login website",
            "result": {
              "status": "skipped"
            }
          },
          {
            "arguments": [],
            "keyword": "Then ",
            "line": 20,
            "name": "user view product list",
            "result": {
              "status": "skipped"
            }
          }
        ]
      },
      {
        "id": "point-of-sell;edit-product",
        "keyword": "Scenario",
        "line": 21,
        "name": "Edit Product",
        "tags": [],
        "type": "scenario",
        "steps": [
          {
            "arguments": [],
            "keyword": "Given ",
            "line": 22,
            "name": "I open modernpos website",
            "result": {
              "status": "undefined",
              "duration": 103000000
            }
          },
          {
            "arguments": [],
            "keyword": "Then ",
            "line": 23,
            "name": "user login website",
            "result": {
              "status": "skipped"
            }
          },
          {
            "arguments": [],
            "keyword": "Then ",
            "line": 24,
            "name": "user edit product",
            "result": {
              "status": "skipped"
            }
          }
        ]
      },
      {
        "id": "point-of-sell;delete-product",
        "keyword": "Scenario",
        "line": 25,
        "name": "Delete Product",
        "tags": [],
        "type": "scenario",
        "steps": [
          {
            "arguments": [],
            "keyword": "Given ",
            "line": 26,
            "name": "I open modernpos website",
            "result": {
              "status": "undefined",
              "duration": 89000000
            }
          },
          {
            "arguments": [],
            "keyword": "Then ",
            "line": 27,
            "name": "user login website",
            "result": {
              "status": "skipped"
            }
          },
          {
            "arguments": [],
            "keyword": "Then ",
            "line": 28,
            "name": "user delete product",
            "result": {
              "status": "skipped"
            }
          }
        ]
      }
    ]
  }
]